<?xml version="1.0" encoding="UTF-8"?>
<!DOCTYPE mapper PUBLIC "-//mybatis.org//DTD Mapper 3.0//EN"
	"http://mybatis.org/dtd/mybatis-3-mapper.dtd">

<mapper namespace="food.model.food">
	<select id="fSelectAll" resultType="MyFood" parameterType="hashmap">
		select * from food
	</select>

	<insert id="Insertfood" parameterType="MyFood">
		insert into
		food
		values(foodseq.nextval,
		#{fname},#{fcategory},#{fimage},#{fqty},#{fprice},#{fcontents},#{fcompany},#{fpoint},default)
	</insert>

	<delete id="Deletefood" parameterType="MyFood">
		delete from food where
		fnum=#{fnum}
	</delete>

	<update id="Updatefood" parameterType="MyFood">
		update food set fname=#{fname}, fcategory=#{fcategory},fimage=#{fimage}, fqty=#{fqty}, fprice=#{fprice}, fcontents=#{fcontents}, 
		 fcompany=#{fcompany}, fpoint=#{fpoint},  finputdate=#{finputdate}
		  where fnum=#{fnum}
	</update>
	
	   <select id="Getfood" parameterType="int" resultType="MyFood"> 
      select * from food 
      where fnum = #{fnum} 
   </select>

</mapper>
